energy,liveness,tempo,speechiness,acousticness,instrumentalness,time_signature,danceability,key,duration_ms,loudness,valence,mode,type,uri,wrapped_year,track_popularity
0.29,0.118,166.467,0.051,0.952,0.00106,4,0.379,4,201080,-8.485,0.169,1,audio_features,spotify:track:4RL77hMWUq35NYnPLXBpih,2016,76
0.251,0.105,58.457,0.0313,0.932,0.918,4,0.258,6,180000,-11.168,0.0389,1,audio_features,spotify:track:1ku6iz80ht16xPwQNglXTv,2016,49
0.66,0.11,93.004,0.0229,0.2,0.0279,4,0.611,8,259787,-7.374,0.136,1,audio_features,spotify:track:5hB7qpilDSr2TG33ghsETX,2016,0
0.706,0.39,99.856,0.0308,0.00999,0.00298,4,0.496,8,238413,-6.653,0.311,1,audio_features,spotify:track:6GtqpDmTZst7GmEmJ8K9yi,2016,25
0.744,0.102,199.837,0.0563,0.677,0.0331,4,0.592,6,226998,-9.197,0.49,1,audio_features,spotify:track:5c7dv3GoKJGId5Ore7DqPM,2016,29
0.365,0.0901,120.066,0.0459,0.256,6.5e-06,4,0.608,0,212093,-7.987,0.155,1,audio_features,spotify:track:7LyWNe5v82CGqtGlekeOdi,2016,12
0.477,0.336,130.078,0.0664,0.000131,0.000664,4,0.885,6,346840,-9.196,0.691,0,audio_features,spotify:track:2OawRn0NvWkStuemgdae4i,2016,7
0.319,0.111,107.984,0.0337,0.251,0.0242,4,0.73,10,255508,-10.885,0.192,1,audio_features,spotify:track:1qbx5vpMKLB55E3qwCgqDR,2016,0
0.435,0.292,133.769,0.123,0.132,0.00678,4,0.698,8,274360,-8.013,0.4,1,audio_features,spotify:track:2Jeh872xwy19kZWTh0W3cp,2016,0
0.737,0.0777,91.507,0.041,0.0625,0.0,4,0.628,7,185194,-4.437,0.592,1,audio_features,spotify:track:1cOyWWUr3oXJIxY0AjJEx9,2016,69
0.271,0.121,84.961,0.0279,0.526,3.78e-05,4,0.59,9,234107,-10.342,0.336,1,audio_features,spotify:track:0arMbHvtmybHW4XagxDV27,2016,38
0.871,0.0928,117.029,0.0342,0.0587,0.249,4,0.678,6,285973,-4.781,0.28,1,audio_features,spotify:track:3Rc2ajBMInxeNGVkMPC92Y,2016,59
0.377,0.0936,123.999,0.0811,0.427,3.68e-05,4,0.651,1,182500,-10.404,0.401,0,audio_features,spotify:track:1sx4GRirvsRPocH3W04e5a,2016,54
0.263,0.127,76.379,0.0567,0.844,5.36e-06,4,0.593,4,238520,-14.029,0.109,0,audio_features,spotify:track:2cbic3TiUENlJX91y67ARR,2016,72
0.438,0.123,126.028,0.0356,0.867,0.0723,4,0.523,0,245240,-11.49,0.106,0,audio_features,spotify:track:7rbCL7W893Zonbfnevku5s,2016,69
0.197,0.085,74.982,0.0294,0.419,0.0518,4,0.411,9,230493,-9.671,0.0934,1,audio_features,spotify:track:0gzX0yIvW3dDlL5r77tNof,2016,22
0.34,0.122,117.956,0.0261,0.865,0.0,4,0.613,7,228813,-7.936,0.271,1,audio_features,spotify:track:7gf342BtbOwdEioHSNlGbX,2016,43
0.257,0.226,76.972,0.0315,0.0159,0.00512,4,0.36,7,212184,-9.655,0.13,1,audio_features,spotify:track:172rW45GEnGoJUuWfm1drt,2016,64
0.855,0.239,121.812,0.0354,0.0502,0.0,4,0.559,7,175531,-2.658,0.263,1,audio_features,spotify:track:76DYtNoGnZOkMMp5XYUtuK,2016,0
0.0259,0.0969,157.811,0.0458,0.996,0.871,4,0.558,8,125520,-30.016,0.37,1,audio_features,spotify:track:2MZSXhq4XDJWu6coGoXX1V,2016,69
0.412,0.134,113.049,0.344,0.615,0.0025,5,0.6,8,225882,-9.343,0.408,1,audio_features,spotify:track:6ZSO7kPn8IMJFymyticbJO,2016,71
0.555,0.0958,93.977,0.0312,0.0505,0.202,4,0.566,2,279101,-7.265,0.497,1,audio_features,spotify:track:12Lv5SHoJBHJWjP2119hWt,2016,3
0.61,0.426,99.991,0.217,0.322,0.000203,4,0.667,1,241160,-7.054,0.465,1,audio_features,spotify:track:7FOJvA3PxiIU0DN3JjQ7jT,2016,74
0.733,0.16,137.904,0.129,0.676,7.06e-05,4,0.661,8,231467,-5.345,0.556,1,audio_features,spotify:track:2MMFpdctgwEkUlfP3kyPDG,2016,55
0.387,0.14,179.957,0.0288,0.918,0.00074,4,0.386,6,217057,-6.649,0.34,1,audio_features,spotify:track:3TSqZ7HH74ehTLXB3vVcgH,2016,0
0.331,0.146,143.974,0.0725,0.337,0.283,4,0.722,8,313547,-7.789,0.102,1,audio_features,spotify:track:7EiZI6JVHllARrX9PUvAdX,2016,77
0.74,0.167,116.879,0.0284,0.0115,0.00678,4,0.64,4,216320,-4.083,0.785,1,audio_features,spotify:track:6K4t31amVTZDgR3sKmwUJJ,2016,87
0.129,0.347,119.985,0.0381,0.211,0.872,4,0.437,7,158000,-17.954,0.0671,0,audio_features,spotify:track:68gzf3AleOyt4NlKwpV0MY,2016,57
0.881,0.0925,114.937,0.0585,0.00181,0.886,4,0.625,0,227370,-6.636,0.456,1,audio_features,spotify:track:1JjltXxroBdXpcLt49UhYV,2016,1
0.568,0.512,86.986,0.0703,0.218,0.0021,4,0.571,1,547733,-3.827,0.109,0,audio_features,spotify:track:3DK6m7It6Pw857FcQftMds,2016,75
0.2,0.0773,119.89,0.0487,0.873,0.0,4,0.681,9,188435,-13.38,0.229,0,audio_features,spotify:track:0kEThzcSBTctCFkBGoDxFu,2016,0
0.46,0.0402,100.112,0.0293,0.441,0.0,4,0.346,8,176594,-7.817,0.106,1,audio_features,spotify:track:5V5E2UGvqmhapVSLbyJxr2,2016,27
0.471,0.363,119.838,0.0514,0.568,0.0244,4,0.362,2,250712,-9.847,0.162,1,audio_features,spotify:track:516JhSoYioACFqaLJyGVeO,2016,22
0.502,0.319,131.01,0.0581,0.01,0.00432,4,0.876,1,223693,-6.794,0.252,0,audio_features,spotify:track:72qycEqCDiAYtzXd0nGbQg,2016,21
0.242,0.713,135.152,0.0561,0.917,0.0,4,0.475,2,332133,-9.896,0.211,1,audio_features,spotify:track:0qSSbcZ2bvjJuB3Wy5lzK5,2016,51
0.114,0.119,141.839,0.0453,0.906,0.96,4,0.333,9,165160,-21.255,0.0566,1,audio_features,spotify:track:4jNQkWhuzqrbqQuqanFFJ6,2016,62
0.754,0.113,96.186,0.189,0.0596,0.0,4,0.625,7,305067,-6.993,0.357,1,audio_features,spotify:track:46OFHBw45fNi7QNjSetITR,2016,63
0.514,0.115,114.94,0.0368,0.203,0.000156,4,0.831,7,244340,-6.695,0.397,1,audio_features,spotify:track:0NBiC3zLXoBQXBjsbnbwJq,2016,72
0.427,0.12,91.662,0.0395,0.941,0.919,4,0.273,8,244062,-10.192,0.178,1,audio_features,spotify:track:0Rf8208uKqShyh4GGM3O47,2016,15
0.504,0.698,98.12,0.0319,0.496,4.73e-06,4,0.618,11,276787,-9.328,0.58,0,audio_features,spotify:track:2sLS4tVaEoMYrNS67PVz0V,2016,73
0.184,0.106,140.006,0.038,0.665,0.0,4,0.661,1,298801,-13.644,0.357,0,audio_features,spotify:track:6QeLUyIfNHCJhEMSPGwDgi,2016,59
0.428,0.0982,101.937,0.0287,0.0216,6.08e-06,4,0.655,0,177013,-12.907,0.301,1,audio_features,spotify:track:5nkCKQrXBC6mvyOrBpgCDF,2016,24
0.58,0.0874,112.052,0.0448,0.113,0.0172,4,0.701,8,215240,-7.015,0.215,1,audio_features,spotify:track:54o9AE6AljwJcUfIWDeGNu,2016,48
0.267,0.152,135.198,0.0293,0.605,0.00322,4,0.379,4,248507,-8.981,0.229,1,audio_features,spotify:track:7pq5vONxrAy8T773nhkiW3,2016,53
0.135,0.0943,97.55,0.036,0.806,0.847,4,0.31,10,176000,-19.007,0.159,1,audio_features,spotify:track:1v1XAFb4TsF5Zb0JOp1axS,2016,42
0.619,0.109,138.017,0.0289,0.0941,3.31e-06,4,0.485,5,242373,-7.115,0.416,0,audio_features,spotify:track:1mea3bSkSGXuIRvnydlB5b,2016,80
0.666,0.113,149.445,0.0471,0.145,0.0,4,0.365,1,229147,-2.821,0.311,1,audio_features,spotify:track:3sNVsP50132BTNlImLx70i,2016,72
0.294,0.107,88.636,0.0277,0.977,0.00393,4,0.389,8,221050,-5.429,0.243,1,audio_features,spotify:track:3XyU03WycJQ02kExHb9dqW,2016,54
0.141,0.109,119.637,0.0486,0.951,0.0,4,0.594,0,137627,-14.458,0.482,1,audio_features,spotify:track:3KD51YetMdgdPRSF42E35w,2016,33
0.172,0.0793,112.655,0.0329,0.839,1.81e-05,4,0.686,1,260004,-8.722,0.197,1,audio_features,spotify:track:5dB00dkUFlruwbxVmdOPSE,2016,10
0.739,0.229,118.005,0.0805,0.0192,0.0794,4,0.766,1,296520,-10.364,0.185,1,audio_features,spotify:track:282L6SR4Y8Rs0VUgtEy1Zw,2016,69
0.335,0.194,108.014,0.0281,0.841,0.000161,4,0.613,9,245780,-6.791,0.245,1,audio_features,spotify:track:5XSU59wtE5CRCAEyHmmGy4,2016,64
0.821,0.168,130.073,0.268,0.00112,0.0,4,0.766,1,188013,-6.124,0.299,1,audio_features,spotify:track:722tgOgdIbNe3BEyLnejw4,2016,77
0.176,0.139,130.927,0.0602,0.826,0.888,4,0.782,9,193453,-14.737,0.525,1,audio_features,spotify:track:4o4uUXJVFWk2U60R4Fz9s3,2016,16
0.506,0.124,112.97,0.144,0.617,0.0197,4,0.631,5,191595,-7.282,0.335,0,audio_features,spotify:track:76I1mEj3vKHgwwO43MdNpI,2016,49
0.382,0.0892,127.225,0.0619,0.619,0.000136,4,0.562,2,219030,-11.197,0.04,0,audio_features,spotify:track:2f4SFBQcbVLQbtgrzBb26O,2016,1
0.62,0.349,111.994,0.0346,0.0169,0.176,4,0.696,1,280415,-8.346,0.674,1,audio_features,spotify:track:2cKBRXAja8JIgF2gSmrMke,2016,5
0.859,0.348,140.027,0.315,0.127,0.0,4,0.788,1,219333,-5.542,0.769,1,audio_features,spotify:track:7fQmDkqrrj13kxv4Vle3AM,2016,49
0.532,0.165,111.829,0.0713,0.0366,0.000783,4,0.506,4,231507,-7.403,0.303,0,audio_features,spotify:track:0HMCdlOPJkAGlB0MlSWIcO,2016,60
0.878,0.334,102.848,0.15,0.0461,0.0,4,0.834,8,258688,-9.484,0.418,1,audio_features,spotify:track:6KIKRz9eSTXdNsGUnomdtW,2016,71
0.764,0.115,148.021,0.0366,0.0717,0.0,4,0.516,2,224693,-6.223,0.376,1,audio_features,spotify:track:1NhPKVLsHhFUHIOZ32QnS2,2016,78
0.744,0.138,81.396,0.476,0.262,0.000382,4,0.441,6,251573,-6.248,0.124,0,audio_features,spotify:track:66Q3fAmSX5eHamgbKa9alP,2016,70
0.525,0.11,114.065,0.0284,0.799,0.881,4,0.465,9,324955,-8.19,0.125,1,audio_features,spotify:track:154jHa2vq8IXa4acIIufC4,2016,43
0.871,0.343,160.212,0.299,0.0117,0.0,4,0.47,0,292098,-6.662,0.454,0,audio_features,spotify:track:13kiXTWqDhjZFh6A8dsJvl,2016,55
0.138,0.266,143.994,0.0811,0.404,0.858,4,0.732,8,306680,-13.613,0.212,1,audio_features,spotify:track:6p5gjMVjKzL23fCEA2QGzH,2016,14
0.78,0.189,122.077,0.0527,0.156,0.0,4,0.599,11,208395,-5.033,0.529,1,audio_features,spotify:track:6lyjWvSUgYtX26zfrQ6gn8,2016,49
0.118,0.111,129.029,0.0444,0.983,0.0251,4,0.526,9,251587,-14.455,0.146,1,audio_features,spotify:track:2GSFSTeDDRw9WXpc63T6up,2016,51
0.83,0.191,113.03,0.0749,0.0123,0.0,4,0.667,0,236002,-5.715,0.701,1,audio_features,spotify:track:6JV2JOEocMgcZxYSZelKcc,2016,79
0.319,0.125,74.109,0.0718,0.618,1.7e-06,4,0.636,10,280800,-10.065,0.378,1,audio_features,spotify:track:3CCyVdprlcXui4ZwMw1hNS,2016,55
0.543,0.105,120.028,0.0748,0.481,0.216,4,0.675,0,186707,-10.961,0.279,1,audio_features,spotify:track:7i4nNMUx5SJ6bXA9Yjkwjf,2016,16
0.69,0.132,94.988,0.052,0.0771,0.0,4,0.634,6,253307,-7.804,0.645,1,audio_features,spotify:track:6OtCIsQZ64Vs1EbzztvAv4,2016,72
0.133,0.138,127.507,0.0384,0.951,0.00332,4,0.579,0,232987,-12.863,0.198,0,audio_features,spotify:track:4JaoU6fL2Ifz2gDyFYtpiP,2016,59
0.938,0.0952,118.026,0.0407,0.00916,1.7e-05,4,0.709,8,208373,-7.315,0.494,1,audio_features,spotify:track:4v0dNir4IjmQ8okQir4kIv,2016,0
0.273,0.139,114.146,0.0379,0.878,0.646,4,0.235,9,217241,-12.064,0.207,0,audio_features,spotify:track:1pCQ6XHFC6JjVPc3CPkRMy,2016,32
0.564,0.148,119.978,0.0371,0.491,4.73e-06,4,0.614,4,236053,-8.505,0.0585,0,audio_features,spotify:track:55ji6rFyGFBXlgXUDyUKbx,2016,39
0.534,0.0919,91.974,0.0946,0.0752,0.0,4,0.725,11,219320,-6.238,0.558,1,audio_features,spotify:track:32lmL4vQAAotg6MrJnhlQZ,2016,45
0.915,0.111,160.0,0.0967,0.026,0.019,4,0.683,10,186000,-2.205,0.574,0,audio_features,spotify:track:6kZPtpO12FBAgkK4Cf0v18,2016,42
0.803,0.176,142.135,0.0738,0.0796,1.71e-05,4,0.541,1,299613,-3.284,0.221,1,audio_features,spotify:track:22L7bfCiAkJo5xGSQgmiIO,2016,77
0.465,0.12,100.053,0.0372,0.324,0.0146,4,0.627,8,213267,-8.509,0.227,1,audio_features,spotify:track:5aplIGVNdX0SMUgYMbGpk1,2016,43
0.544,0.0862,113.978,0.0497,0.104,5.59e-05,4,0.697,0,274160,-9.251,0.206,1,audio_features,spotify:track:7ohRnTp386jnkstx6w5lYT,2016,39
0.5,0.114,144.871,0.0611,0.611,4.04e-05,4,0.63,1,245172,-8.755,0.315,0,audio_features,spotify:track:6MxhAD7FwoBQabntab2qG9,2016,4
0.355,0.123,74.99,0.0714,0.694,0.000427,4,0.657,7,189000,-12.044,0.0808,1,audio_features,spotify:track:0jllH0usRFD4LJkJnGK9Lf,2016,79
0.638,0.0609,60.03,0.0459,0.226,0.0,4,0.511,0,208347,-7.202,0.205,1,audio_features,spotify:track:1IcEofBOoS01ouUsqdn8ke,2016,51
0.907,0.0811,173.983,0.0445,0.0441,3.07e-05,4,0.502,6,210106,-5.183,0.548,1,audio_features,spotify:track:6IsRBnRhDpiJuKtcyKZFB4,2016,1
0.112,0.0935,86.786,0.0353,0.972,0.0823,4,0.298,1,168000,-15.765,0.0972,1,audio_features,spotify:track:5oK98mpTJSU0iqLHN1hZ3y,2016,60
0.283,0.076,79.664,0.0304,0.765,0.0348,4,0.441,2,275628,-9.092,0.225,1,audio_features,spotify:track:7eI7Y41wcPfqzAxqv1jogS,2016,14
0.529,0.0921,126.762,0.0808,0.074,5.52e-05,4,0.529,5,309880,-9.035,0.145,0,audio_features,spotify:track:2YvyKtXIEpQoLYtuUNp7Lg,2016,53
0.473,0.391,119.992,0.0514,0.287,0.0,4,0.765,10,237300,-5.829,0.34,1,audio_features,spotify:track:5kqIPrATaCc2LqxVWzQGbk,2016,81
0.224,0.0622,99.938,0.0523,0.7,0.00449,4,0.785,2,226200,-10.597,0.559,1,audio_features,spotify:track:3uiJMpAzUi8bMe0A8DMDgb,2016,27
0.663,0.318,85.308,0.21,0.12,0.0,4,0.862,0,238267,-9.004,0.837,1,audio_features,spotify:track:3yNVfRQlUPViUh8O2V9SQn,2016,64
0.694,0.0577,167.263,0.062,0.312,0.0348,4,0.752,5,191480,-5.385,0.869,1,audio_features,spotify:track:0293bTPojlkLvyr8ojc74y,2016,10
0.341,0.107,110.007,0.0542,0.498,0.0154,4,0.807,7,211636,-12.956,0.124,1,audio_features,spotify:track:3fyhRj6InndgDPGaioHz4J,2016,0
0.915,0.744,153.998,0.113,0.0162,0.0,4,0.543,0,292093,-4.746,0.577,0,audio_features,spotify:track:2gZUPNdnz5Y45eiGxpHGSc,2016,80
0.263,0.0954,177.217,0.0327,0.93,0.00172,4,0.251,8,195160,-12.538,0.199,1,audio_features,spotify:track:1kWqRB6PHLM9QTfaXuHpIV,2016,55
0.151,0.0923,107.072,0.0341,0.961,0.0425,4,0.398,4,241640,-14.402,0.0745,1,audio_features,spotify:track:1VfJeju8B6qP4ZFsYuVW9U,2016,53
0.403,0.54,105.169,0.414,0.62,0.0,4,0.592,0,320680,-8.768,0.391,0,audio_features,spotify:track:1eQBEelI2NCy7AUTerX0KS,2016,75
0.48,0.178,120.317,0.0849,0.521,0.00428,4,0.358,9,413947,-11.79,0.356,1,audio_features,spotify:track:3TO7bbrUKrOSPGRTB5MeCz,2016,71
0.766,0.581,184.075,0.0511,0.00649,1.66e-05,4,0.463,6,230747,-5.383,0.173,1,audio_features,spotify:track:2Kpoeflreypc9B2iQeawu2,2016,3
0.226,0.0926,83.993,0.0362,0.711,0.909,4,0.19,4,325714,-17.993,0.0996,0,audio_features,spotify:track:4I90I39s5W0QrD1QtG3bwQ,2016,40
0.532,0.0617,74.963,0.0295,0.0668,3.22e-06,4,0.598,3,262521,-6.833,0.261,0,audio_features,spotify:track:217xrcrbBtgJhvlHicxTSH,2016,5
0.467,0.0891,135.143,0.0437,0.316,0.00215,4,0.657,10,217000,-8.849,0.21,1,audio_features,spotify:track:1PW0MH1EwqC09G0OnnjnT4,2016,49
0.669,0.109,125.051,0.0348,0.0522,0.192,4,0.723,0,224133,-6.784,0.35,1,audio_features,spotify:track:5CPqOpKSk0QcJ3dGdaWcRB,2017,67
0.355,0.105,77.488,0.132,0.856,0.0,4,0.749,11,227342,-9.349,0.307,1,audio_features,spotify:track:0RW86XBE8b1fYvNDbRLgXB,2017,0
0.344,0.143,144.018,0.0308,0.719,0.000603,4,0.475,11,235833,-8.773,0.261,1,audio_features,spotify:track:66LKcDWIHdqWEaviZhcMTx,2017,64
0.798,0.176,84.696,0.124,0.00033,0.692,4,0.32,10,209040,-7.078,0.74,0,audio_features,spotify:track:38wCbVfMreML5ZhF5iQuKA,2017,69
0.543,0.107,126.001,0.0398,0.623,0.0706,4,0.752,1,233280,-9.483,0.282,1,audio_features,spotify:track:044qU7kwVZaDwzWnRsmVVL,2017,65
0.275,0.101,92.6,0.3,0.687,0.0,4,0.492,6,251034,-13.4,0.18,0,audio_features,spotify:track:7vRriwrloYVaoAe3a9wJHe,2017,83
0.744,0.102,199.837,0.0563,0.677,0.0331,4,0.592,6,226998,-9.197,0.49,1,audio_features,spotify:track:5c7dv3GoKJGId5Ore7DqPM,2017,29
0.621,0.0958,150.011,0.102,0.000282,5.39e-05,4,0.908,1,177000,-6.638,0.421,0,audio_features,spotify:track:7KXjTSCq5nL1LoYtL7XAwS,2017,85
0.735,0.112,107.374,0.054,0.108,0.00578,4,0.794,0,234373,-4.204,0.223,1,audio_features,spotify:track:6Na5uKk5SsqZimk0hAWo8y,2017,71
0.845,0.0922,158.965,0.0345,0.0014,0.359,4,0.522,0,249706,-1.828,0.728,1,audio_features,spotify:track:0BxwLWELYVGKqzUGXJNmT7,2017,49
0.402,0.0817,100.693,0.0303,0.224,0.0755,4,0.411,2,224279,-12.078,0.0609,1,audio_features,spotify:track:2uVF1mSrNKWbruiVEBvhhv,2017,49
0.362,0.103,100.027,0.0378,0.187,3.16e-05,4,0.694,1,312214,-9.353,0.253,0,audio_features,spotify:track:4fk5DpvG4qZBUVtK4DYn4N,2017,52
0.209,0.173,92.07,0.0325,0.763,0.0,4,0.584,0,204130,-9.968,0.239,1,audio_features,spotify:track:1vTnpmK9OTudl2ndIFPBy3,2017,0
0.356,0.115,96.798,0.0362,0.891,0.0,4,0.428,7,288400,-11.524,0.431,1,audio_features,spotify:track:7i9v8qPoyvtARp9XKQM9xQ,2017,40
0.661,0.116,127.081,0.27,0.0633,0.0,4,0.897,8,334467,-6.2,0.193,0,audio_features,spotify:track:1FvU97lrWOG2NRxErh6OZz,2017,62
0.0176,0.0912,76.384,0.052,0.994,0.928,4,0.483,7,301733,-25.501,0.2,0,audio_features,spotify:track:2pr6us08iPNzIex5q6fMvI,2017,57
0.157,0.351,57.86,0.0457,0.756,0.0,4,0.344,5,228267,-11.773,0.313,1,audio_features,spotify:track:6j0wBBAP3hMe4t1Ymj7GIe,2017,61
0.196,0.155,125.517,0.0528,0.375,1.43e-06,4,0.649,9,248758,-14.897,0.127,0,audio_features,spotify:track:6wdQ0onhK5s5Wr2biVPX1y,2017,41
0.0939,0.0903,84.241,0.0402,0.984,0.826,4,0.417,6,219550,-20.98,0.0384,1,audio_features,spotify:track:36Fdc6pZ05Y8kN5RZhMtYe,2017,13
0.358,0.11,99.373,0.033,0.474,0.00345,4,0.329,10,278360,-10.956,0.232,1,audio_features,spotify:track:5zGPITTmaPqluxoPFYRsOY,2017,6
0.647,0.0753,113.987,0.0358,0.186,0.0,4,0.613,7,244077,-6.922,0.57,1,audio_features,spotify:track:4IjNT6MKr2IS3A7A4asHTl,2017,11
0.0565,0.0889,123.994,0.0534,0.965,0.0,4,0.71,7,275280,-15.099,0.348,1,audio_features,spotify:track:4h0zU3O9R5xzuTmNO7dNDU,2017,78
0.83,0.167,142.592,0.0316,0.109,0.701,4,0.541,9,177987,-6.246,0.711,1,audio_features,spotify:track:07CyrZF9eVd02zzIse7tZA,2017,55
0.468,0.112,139.775,0.0337,0.823,1.08e-06,3,0.418,2,230457,-7.855,0.334,0,audio_features,spotify:track:0kBIGMw5ngDwLWUy2RrUw6,2017,44
0.415,0.103,89.997,0.0594,0.288,0.534,4,0.74,0,168000,-11.429,0.153,1,audio_features,spotify:track:17txou7v6Jxrwm4SGBKdBu,2017,6
0.453,0.146,133.91,0.0376,0.755,0.0,4,0.477,5,330867,-8.976,0.271,0,audio_features,spotify:track:4eZxSOV6ZuRJ3GEGoqenwq,2017,52
0.0616,0.101,137.497,0.0423,0.971,0.887,3,0.216,9,571387,-18.73,0.039,0,audio_features,spotify:track:5NgKY6CE3xFSPFAcOcJRhQ,2017,0
0.405,0.128,135.973,0.0359,0.655,0.0,4,0.509,7,251638,-10.387,0.169,1,audio_features,spotify:track:4MHS10SACK5QVgbXJh2l2p,2017,44
0.753,0.257,115.102,0.0832,0.425,0.000142,4,0.483,1,261093,-8.937,0.42,0,audio_features,spotify:track:15VRO9CQwMpbqUYA7e6Hwg,2017,74
0.855,0.239,121.812,0.0354,0.0502,0.0,4,0.559,7,175531,-2.658,0.263,1,audio_features,spotify:track:76DYtNoGnZOkMMp5XYUtuK,2017,0
0.766,0.148,200.061,0.0394,0.225,0.0,4,0.369,0,231750,-2.719,0.148,0,audio_features,spotify:track:7vmLW0qZn0vBgH6WN7ZAnC,2017,42
0.593,0.183,124.014,0.0259,0.102,0.32,4,0.607,7,354603,-9.291,0.207,1,audio_features,spotify:track:2U5rN7uL5771qyOwErJCY8,2017,49
0.938,0.0952,118.026,0.0407,0.00916,1.7e-05,4,0.709,8,208373,-7.315,0.494,1,audio_features,spotify:track:4v0dNir4IjmQ8okQir4kIv,2017,0
0.721,0.0879,128.942,0.0957,0.0209,8.55e-06,4,0.594,2,234653,-7.812,0.253,1,audio_features,spotify:track:6ie2Bw3xLj2JcGowOlcMhb,2017,75
0.864,0.0465,177.921,0.401,0.0301,9.68e-05,3,0.213,8,129187,-5.71,0.13,1,audio_features,spotify:track:6CsMd91gWWntqjZfXAScWe,2017,56
0.356,0.123,160.033,0.0941,0.172,0.00943,4,0.745,1,326933,-10.425,0.607,1,audio_features,spotify:track:3kxfsdsCpFgN412fpnW85Y,2017,20
0.639,0.0977,79.993,0.0241,0.108,0.0,4,0.525,1,291480,-5.918,0.342,1,audio_features,spotify:track:7bPBB7tgETYMM2s14oHlA9,2017,45
0.588,0.137,186.005,0.276,0.141,6.35e-06,4,0.678,7,230453,-7.015,0.486,1,audio_features,spotify:track:7MXVkk9YMctZqd1Srtv4MB,2017,86
0.197,0.085,74.982,0.0294,0.419,0.0518,4,0.411,9,230493,-9.671,0.0934,1,audio_features,spotify:track:0gzX0yIvW3dDlL5r77tNof,2017,22
0.141,0.112,131.234,0.0453,0.919,0.903,4,0.177,6,317000,-16.333,0.0399,1,audio_features,spotify:track:1x9mP6x7YvKeduQmP3v045,2017,38
0.859,0.348,140.027,0.315,0.127,0.0,4,0.788,1,219333,-5.542,0.769,1,audio_features,spotify:track:7fQmDkqrrj13kxv4Vle3AM,2017,49
0.238,0.55,156.907,0.265,0.142,0.0859,4,0.357,8,118067,-16.78,0.494,0,audio_features,spotify:track:1n4jwRVXdkK2U34nBDUKKT,2017,63
0.915,0.744,153.998,0.113,0.0162,0.0,4,0.543,0,292093,-4.746,0.577,0,audio_features,spotify:track:2gZUPNdnz5Y45eiGxpHGSc,2017,80
0.399,0.114,124.026,0.0395,0.784,0.0,4,0.569,1,253127,-10.902,0.287,1,audio_features,spotify:track:749ROZZstvy0OzCMgNjnXf,2017,55
0.335,0.194,108.014,0.0281,0.841,0.000161,4,0.613,9,245780,-6.791,0.245,1,audio_features,spotify:track:5XSU59wtE5CRCAEyHmmGy4,2017,64
0.568,0.512,86.986,0.0703,0.218,0.0021,4,0.571,1,547733,-3.827,0.109,0,audio_features,spotify:track:3DK6m7It6Pw857FcQftMds,2017,75
0.477,0.0914,144.855,0.102,0.281,0.000822,4,0.457,8,188336,-9.323,0.627,1,audio_features,spotify:track:2lyuqYDVbRQDzAZ4VMPBsi,2017,49
0.701,0.32,120.005,0.0414,0.035,0.00228,4,0.757,6,187853,-6.054,0.739,1,audio_features,spotify:track:4Xmi5NF1gh6ACPO5fX9HbQ,2017,50
0.086,0.108,90.223,0.0373,0.932,0.912,4,0.13,10,391160,-21.92,0.0375,1,audio_features,spotify:track:3Sy6wgTNEp6vSgLs4EyXAf,2017,59
0.504,0.698,98.12,0.0319,0.496,4.73e-06,4,0.618,11,276787,-9.328,0.58,0,audio_features,spotify:track:2sLS4tVaEoMYrNS67PVz0V,2017,73
0.706,0.39,99.856,0.0308,0.00999,0.00298,4,0.496,8,238413,-6.653,0.311,1,audio_features,spotify:track:6GtqpDmTZst7GmEmJ8K9yi,2017,25
0.59,0.096,150.189,0.0708,0.166,1.09e-05,4,0.579,1,256093,-4.322,0.361,1,audio_features,spotify:track:4cAgkb0ifwn0FSHGXnr4F6,2017,65
0.58,0.0874,112.052,0.0448,0.113,0.0172,4,0.701,8,215240,-7.015,0.215,1,audio_features,spotify:track:54o9AE6AljwJcUfIWDeGNu,2017,48
0.739,0.229,118.005,0.0805,0.0192,0.0794,4,0.766,1,296520,-10.364,0.185,1,audio_features,spotify:track:282L6SR4Y8Rs0VUgtEy1Zw,2017,69
0.246,0.084,133.805,0.0329,0.872,0.905,4,0.38,7,234400,-13.955,0.0573,0,audio_features,spotify:track:62Da3JOu9H9EIgmqV7DoLG,2017,54
0.967,0.245,145.024,0.0474,0.0849,0.0,4,0.711,7,288400,-5.204,0.892,1,audio_features,spotify:track:38bDGWuyYdSdNfrFfbCiVS,2017,62
0.183,0.184,147.209,0.0371,0.899,0.861,3,0.128,9,111253,-16.082,0.0298,0,audio_features,spotify:track:2RluygGfiWMmFwVmzMxiYk,2017,52
0.135,0.0943,97.55,0.036,0.806,0.847,4,0.31,10,176000,-19.007,0.159,1,audio_features,spotify:track:1v1XAFb4TsF5Zb0JOp1axS,2017,42
0.341,0.359,105.513,0.0418,0.499,0.903,3,0.701,1,151507,-12.26,0.163,0,audio_features,spotify:track:4gmhjAsvL6c7se2PBh7dHw,2017,50
0.496,0.109,151.89,0.0273,0.407,0.0,4,0.465,4,275120,-7.864,0.167,1,audio_features,spotify:track:4LhAUjPqfLpBVNYEdPd5Go,2017,54
0.676,0.189,173.998,0.0744,0.0324,3.62e-05,4,0.518,8,220307,-6.373,0.197,0,audio_features,spotify:track:4oeaIftdpT3JuZLcCkKmVE,2017,71
0.424,0.116,79.989,0.0262,0.617,0.0,4,0.486,0,298293,-5.755,0.286,1,audio_features,spotify:track:6WoQzK5Exbfcmow1AoNRkl,2017,65
0.586,0.339,96.091,0.0382,0.0528,7.33e-06,4,0.557,10,181573,-4.57,0.0681,1,audio_features,spotify:track:3nAq2hCr1oWsIU54tS98pL,2017,74
0.456,0.105,158.015,0.051,0.792,0.00092,4,0.541,4,210945,-9.266,0.362,1,audio_features,spotify:track:0uxl3IGVSuH6171OgMVgeN,2017,31
0.64,0.0938,128.007,0.0511,0.00175,0.00403,4,0.87,8,138946,-5.228,0.0634,1,audio_features,spotify:track:4Exknuth94DX8UKqaoxKoj,2017,53
0.63,0.115,76.977,0.0317,0.679,0.0,4,0.499,8,295693,-6.422,0.259,1,audio_features,spotify:track:0sedKwVm7J4hatcVdnI298,2017,0
0.348,0.055,156.104,0.209,0.55,0.00313,4,0.622,10,248225,-8.714,0.648,1,audio_features,spotify:track:1RyyrsnBTHzYJ8A9jmybBX,2017,39
0.448,0.369,69.236,0.0828,0.753,0.901,3,0.25,9,310187,-19.01,0.141,0,audio_features,spotify:track:29igFiaetfKqAzZh3VYg9A,2017,0
0.42,0.0612,113.962,0.0638,0.386,0.0,4,0.723,8,176347,-6.824,0.465,1,audio_features,spotify:track:6AeQlMyRzvSl1nkFztZyKl,2017,59
0.69,0.101,171.989,0.157,0.396,0.0,4,0.454,2,359800,-4.108,0.37,0,audio_features,spotify:track:42GcjriRK6srwHkfbkBqVl,2017,68
0.457,0.15,149.62,0.0462,0.955,0.918,4,0.233,8,226875,-11.996,0.0581,0,audio_features,spotify:track:14AXR1G009YhkAESBdhdtC,2017,9
0.438,0.123,126.028,0.0356,0.867,0.0723,4,0.523,0,245240,-11.49,0.106,0,audio_features,spotify:track:7rbCL7W893Zonbfnevku5s,2017,69
0.229,0.1,75.67,0.128,0.92,0.0,4,0.587,10,171728,-11.254,0.379,0,audio_features,spotify:track:6Kkt27YmFyIFrcX3QXFi2o,2017,73
0.806,0.121,119.001,0.0786,0.12,1.33e-06,4,0.851,4,237200,-4.618,0.776,1,audio_features,spotify:track:0WfKDYeUAoLA3vdvLKKWMW,2017,71
0.251,0.105,58.457,0.0313,0.932,0.918,4,0.258,6,180000,-11.168,0.0389,1,audio_features,spotify:track:1ku6iz80ht16xPwQNglXTv,2017,49
0.231,0.0893,142.122,0.0439,0.612,0.757,4,0.783,9,230440,-11.256,0.497,0,audio_features,spotify:track:1Sr1rBhxBvGZdnhA2x0Pd5,2017,28
0.319,0.111,107.984,0.0337,0.251,0.0242,4,0.73,10,255508,-10.885,0.192,1,audio_features,spotify:track:6iOIeszBKunjPyBfGSwDax,2017,24
0.378,0.172,91.883,0.065,0.618,0.0,4,0.515,5,201000,-8.264,0.536,1,audio_features,spotify:track:7oAraczbemGSNWqnbkU87R,2017,21
0.803,0.176,142.135,0.0738,0.0796,1.71e-05,4,0.541,1,299613,-3.284,0.221,1,audio_features,spotify:track:22L7bfCiAkJo5xGSQgmiIO,2017,77
0.242,0.713,135.152,0.0561,0.917,0.0,4,0.475,2,332133,-9.896,0.211,1,audio_features,spotify:track:0qSSbcZ2bvjJuB3Wy5lzK5,2017,51
0.177,0.119,120.259,0.042,0.904,0.0615,4,0.253,6,235827,-17.696,0.0395,1,audio_features,spotify:track:3qLwtC9jEWugjkzyZlYgeg,2017,47
0.61,0.426,99.991,0.217,0.322,0.000203,4,0.667,1,241160,-7.054,0.465,1,audio_features,spotify:track:7FOJvA3PxiIU0DN3JjQ7jT,2017,74
0.795,0.0717,79.028,0.0504,0.0417,0.000113,4,0.801,1,163253,-5.115,0.754,0,audio_features,spotify:track:6QgjcU0zLnzq5OrUoSZ3OK,2017,82
0.403,0.54,105.169,0.414,0.62,0.0,4,0.592,0,320680,-8.768,0.391,0,audio_features,spotify:track:1eQBEelI2NCy7AUTerX0KS,2017,75
0.294,0.107,88.636,0.0277,0.977,0.00393,4,0.389,8,221050,-5.429,0.243,1,audio_features,spotify:track:3XyU03WycJQ02kExHb9dqW,2017,54
0.74,0.0895,123.945,0.0684,0.026,0.0,4,0.598,2,240000,-7.391,0.342,1,audio_features,spotify:track:3t0J8vI9StQD8KIBkT2Cp5,2017,66
0.705,0.246,189.891,0.485,0.204,0.0,4,0.748,4,208733,-4.547,0.483,0,audio_features,spotify:track:1EaKU4dMbesXXd3BrLCtYG,2017,73
0.129,0.347,119.985,0.0381,0.211,0.872,4,0.437,7,158000,-17.954,0.0671,0,audio_features,spotify:track:68gzf3AleOyt4NlKwpV0MY,2017,57
0.995,0.153,90.199,0.16,0.0001,0.418,4,0.279,1,291440,-4.381,0.0972,1,audio_features,spotify:track:61dTqhd46yMkSWmC5LAh5F,2017,59
0.326,0.0619,169.267,0.0331,0.948,0.0,4,0.335,0,318499,-7.223,0.326,1,audio_features,spotify:track:632VyMrvhsHIsO4zq9khts,2017,65
0.878,0.334,102.848,0.15,0.0461,0.0,4,0.834,8,258688,-9.484,0.418,1,audio_features,spotify:track:6KIKRz9eSTXdNsGUnomdtW,2017,71
0.331,0.146,143.974,0.0725,0.337,0.283,4,0.722,8,313547,-7.789,0.102,1,audio_features,spotify:track:7EiZI6JVHllARrX9PUvAdX,2017,77
0.666,0.113,149.445,0.0471,0.145,0.0,4,0.365,1,229147,-2.821,0.311,1,audio_features,spotify:track:3sNVsP50132BTNlImLx70i,2017,72
0.991,0.0968,138.975,0.318,0.000155,0.0477,4,0.314,5,298533,-3.867,0.0395,0,audio_features,spotify:track:1f2nJKg780VxYIveVq6Xej,2017,58
0.725,0.112,90.012,0.0426,0.000365,0.553,4,0.559,10,373307,-8.631,0.501,0,audio_features,spotify:track:39tLc4Xp58Lu4KcWHggeE2,2017,13
0.367,0.172,119.842,0.0291,0.609,0.0,4,0.551,2,261880,-7.907,0.205,1,audio_features,spotify:track:0o9XsvHqGY2L8E6LRztDv1,2017,53
0.452,0.689,113.066,0.0307,0.0353,0.00228,4,0.367,10,520787,-10.422,0.189,1,audio_features,spotify:track:54X78diSLoUDI3joC2bjMz,2017,76
0.263,0.127,76.379,0.0567,0.844,5.36e-06,4,0.593,4,238520,-14.029,0.109,0,audio_features,spotify:track:2cbic3TiUENlJX91y67ARR,2017,72
0.193,0.135,79.926,0.0322,0.697,0.0262,4,0.485,11,373333,-16.985,0.079,0,audio_features,spotify:track:4pFnV6aV1bnEDqPDGBlrNp,2017,9
0.648,0.122,135.053,0.0342,0.63,0.0,4,0.471,3,287000,-3.968,0.239,1,audio_features,spotify:track:190kU2WKyIzx9XaBjfWRPk,2017,63
0.585,0.153,126.058,0.0924,0.264,0.0,4,0.8,10,213400,-7.343,0.779,1,audio_features,spotify:track:6PGoSes0D9eUDeeAafB2As,2018,82
0.537,0.229,113.977,0.0749,0.278,0.0,4,0.783,9,222866,-2.921,0.392,1,audio_features,spotify:track:447yWcDPg1ddgcHBLGpJC0,2018,15
0.122,0.25,94.127,0.0401,0.976,0.0,3,0.661,9,137352,-10.964,0.596,1,audio_features,spotify:track:7G6MFEj34vZIyjhCEQGE1K,2018,0
0.712,0.0992,117.965,0.0443,0.206,0.00241,4,0.717,0,177693,-7.26,0.882,1,audio_features,spotify:track:3BROl8FUuHPJ6Swvv29PFi,2018,45
0.374,0.131,120.013,0.112,0.429,0.0013,4,0.838,0,225229,-11.991,0.28,0,audio_features,spotify:track:1zpLBaEx3KX98Cknyi9Ai1,2018,48
0.711,0.104,113.809,0.0478,0.422,0.0,4,0.671,2,248440,-7.813,0.466,1,audio_features,spotify:track:11IzgLRXV7Cgek3tEgGgjw,2018,73
0.579,0.0952,144.994,0.202,0.0381,0.0,4,0.742,0,258475,-5.024,0.502,1,audio_features,spotify:track:3VFZTYhwAsxTDTiHlm3n1k,2018,7
0.498,0.406,126.972,0.0776,0.223,5.84e-05,4,0.759,10,195160,-10.615,0.244,1,audio_features,spotify:track:7iMDaY1LnASwCk2uUpMtii,2018,68
0.275,0.101,92.6,0.3,0.687,0.0,4,0.492,6,251034,-13.4,0.18,0,audio_features,spotify:track:7vRriwrloYVaoAe3a9wJHe,2018,83
0.578,0.135,145.038,0.04,0.331,0.0,4,0.68,10,231267,-5.804,0.341,1,audio_features,spotify:track:7dt6x5M1jzdTEt8oCbisTK,2018,88
0.758,0.0592,130.579,0.366,0.174,0.764,5,0.402,1,195446,-7.557,0.442,1,audio_features,spotify:track:7DuqRin3gs4XTeZ4SwpSVM,2018,35
0.704,0.166,133.002,0.0476,0.0691,0.0,4,0.719,1,187436,-4.724,0.628,1,audio_features,spotify:track:25sgk305KZfyuqVBQIahim,2018,89
0.541,0.13,124.959,0.0505,0.568,0.0,4,0.851,0,235545,-6.825,0.448,1,audio_features,spotify:track:6FRLCMO5TUHTexlWo8ym1W,2018,83
0.736,0.111,140.034,0.0321,0.104,0.0,4,0.691,0,193510,-4.993,0.0395,1,audio_features,spotify:track:1oUudyBYVGMIC8JXeIsFzq,2018,67
0.853,0.062,103.846,0.0904,0.0615,0.0,4,0.647,8,189000,-4.516,0.618,1,audio_features,spotify:track:01k24g94i1JvkFLQmVEdCd,2018,71
0.726,0.103,105.543,0.0399,0.108,0.904,4,0.555,8,296016,-6.264,0.417,1,audio_features,spotify:track:2IkK0qCVW7Z3Fa8pW0vXM0,2018,60
0.69,0.101,171.989,0.157,0.396,0.0,4,0.454,2,359800,-4.108,0.37,0,audio_features,spotify:track:42GcjriRK6srwHkfbkBqVl,2018,68
0.779,0.078,81.965,0.0531,0.0862,0.0,4,0.561,10,256064,-5.107,0.235,0,audio_features,spotify:track:0At2qAoaVjIwWNAqrscXli,2018,77
0.798,0.176,84.696,0.124,0.00033,0.692,4,0.32,10,209040,-7.078,0.74,0,audio_features,spotify:track:38wCbVfMreML5ZhF5iQuKA,2018,69
0.401,0.327,88.554,0.0267,0.403,0.0156,4,0.242,10,241067,-8.048,0.347,1,audio_features,spotify:track:2ixTmOHffy8b5Qh29ctald,2018,40
0.667,0.0753,180.064,0.154,0.64,1.22e-06,4,0.664,4,227533,-5.941,0.381,1,audio_features,spotify:track:32lItqlMi4LBhb4k0BaSaC,2018,82
0.566,0.34,83.903,0.2,0.349,0.0,4,0.511,6,239836,-7.23,0.218,0,audio_features,spotify:track:0s3nnoMeVWz3989MkNQiRf,2018,19
0.296,0.095,115.284,0.0333,0.934,0.0,4,0.351,4,200186,-10.109,0.12,0,audio_features,spotify:track:0u2P5u6lvoDfwTYjAADbn4,2018,91
0.438,0.24,135.929,0.0298,0.356,0.0,4,0.616,1,213387,-5.968,0.386,1,audio_features,spotify:track:3GJ4hzg4lrGwU51Y3VARbF,2018,81
0.479,0.0914,96.051,0.0385,0.66,0.0,4,0.769,1,164640,-5.339,0.803,1,audio_features,spotify:track:2Yer0p7uB2lVBUAtANuuQp,2018,76
0.433,0.0765,146.097,0.0295,0.0901,0.00394,4,0.653,11,274600,-10.487,0.582,1,audio_features,spotify:track:6aXGgKVRGXlMqQYCIQqo4s,2018,67
0.354,0.102,123.636,0.0387,0.829,0.0112,3,0.686,10,169107,-9.284,0.283,1,audio_features,spotify:track:5H3ChVfItCaDpj1vPbigyX,2018,50
0.48,0.0696,104.148,0.0344,0.402,9.6e-06,4,0.599,1,239961,-8.101,0.248,0,audio_features,spotify:track:5F7Q8pluSbCWA64Gcg5fOv,2018,49
0.75,0.109,155.096,0.231,0.00264,0.0,4,0.732,11,182707,-6.366,0.401,0,audio_features,spotify:track:7GX5flRQZVHRAGd6B4TmDO,2018,85
0.865,0.234,174.53,0.0381,0.000453,0.0,4,0.372,2,258733,-4.918,0.478,1,audio_features,spotify:track:5wj4E6IsrVtn8IBJQOd0Cl,2018,73
0.469,0.099,110.573,0.104,0.126,7.32e-05,4,0.58,0,165053,-5.946,0.369,0,audio_features,spotify:track:3aUFrxO1B8EW63QchEl3wX,2018,68
0.56,0.111,140.06,0.105,0.546,0.0,4,0.75,8,221440,-8.094,0.459,1,audio_features,spotify:track:3swc6WTsr7rl9DqQKQA55C,2018,85
0.545,0.0505,139.943,0.0625,0.0646,0.000289,4,0.867,2,162586,-5.192,0.525,1,audio_features,spotify:track:5o4yGlG0PfeVUa6ClIyOxq,2018,71
0.579,0.182,144.973,0.299,0.064,2.38e-06,4,0.884,2,176630,-6.847,0.313,1,audio_features,spotify:track:6WlxcZKpEV6Bwe9InoVhMp,2018,58
0.529,0.102,146.735,0.0971,0.638,6.07e-06,4,0.439,11,622000,-13.224,0.705,0,audio_features,spotify:track:5XI9hva1F1WCRSvNNYCK1w,2018,11
0.659,0.106,173.988,0.312,0.492,0.0,4,0.678,1,243180,-4.694,0.675,1,audio_features,spotify:track:3PdgIdRXJjgxfOr7slldel,2018,61
0.278,0.101,167.52,0.0349,0.688,0.0,4,0.336,2,160227,-9.24,0.343,1,audio_features,spotify:track:2q2EAq1UZQGenqXZgBkLbu,2018,47
0.876,0.0947,124.993,0.0346,0.000583,0.0939,4,0.684,5,312600,-6.282,0.144,0,audio_features,spotify:track:6QZT5lK3STKAuQzjK6sdTn,2018,31
0.637,0.0789,172.006,0.0471,0.0717,1.08e-05,3,0.509,4,224000,-4.83,0.378,0,audio_features,spotify:track:2aksifNn5ph8igDOkPBA02,2018,49
0.722,0.0931,99.083,0.124,0.162,0.0,4,0.564,1,165627,-5.59,0.276,0,audio_features,spotify:track:1Nj2oBISdFDSF8eDuXcALz,2018,71
0.919,0.041,169.921,0.0526,0.017,0.221,4,0.294,9,226587,-4.866,0.729,1,audio_features,spotify:track:7wLtyMDljwAziOVC9d3FOh,2018,45
0.403,0.54,105.169,0.414,0.62,0.0,4,0.592,0,320680,-8.768,0.391,0,audio_features,spotify:track:1eQBEelI2NCy7AUTerX0KS,2018,75
0.858,0.0968,173.987,0.266,0.7,0.0112,4,0.664,1,193669,-7.496,0.656,1,audio_features,spotify:track:1kYFGeEN51u0SgAVOyUJNI,2018,46
0.443,0.162,112.001,0.0349,0.744,0.555,4,0.706,10,267693,-8.422,0.376,1,audio_features,spotify:track:3wQ2F1MjiNMENmvy4xUeXy,2018,61
0.633,0.0926,96.924,0.0597,0.0605,0.000194,4,0.698,8,232187,-4.946,0.552,1,audio_features,spotify:track:3GCdLUSnKSMJhs4Tj6CV3s,2018,80
0.598,0.0626,122.005,0.0675,0.125,1.79e-06,4,0.856,6,202153,-6.173,0.352,1,audio_features,spotify:track:56mCGN7S1druROilPGNe3R,2018,55
0.757,0.106,82.008,0.05,0.617,0.0,4,0.703,1,221747,-3.612,0.696,1,audio_features,spotify:track:2eAZfqOm4EnOF9VvN50Tyc,2018,80
0.452,0.726,78.143,0.0738,0.317,5.98e-06,4,0.55,0,166449,-12.666,0.25,1,audio_features,spotify:track:7kpYvT7rc1PstHASHqokXo,2018,44
0.463,0.354,120.024,0.137,0.117,0.0,4,0.854,5,225773,-6.159,0.549,1,audio_features,spotify:track:0b9oOr2ZgvyQu88wzixux9,2018,78
0.413,0.334,115.035,0.182,0.132,0.0,4,0.859,1,194230,-7.399,0.697,1,audio_features,spotify:track:79GsUxLyzxgnN4I1E11dtO,2018,54
0.538,0.352,79.925,0.0319,0.0249,1.37e-05,4,0.618,2,221840,-5.828,0.308,0,audio_features,spotify:track:4ESrHOeoOxvGSx9yLgM2aQ,2018,32
0.409,0.101,109.978,0.0299,0.764,0.00323,4,0.772,9,188346,-9.226,0.338,0,audio_features,spotify:track:41uHv2ZIT0YDUHoyNzvRQ1,2018,54
0.597,0.195,100.051,0.037,0.339,0.0404,4,0.585,0,324674,-7.499,0.227,1,audio_features,spotify:track:4RVbK6cV0VqWdpCDcx3hiT,2018,76
0.693,0.351,110.568,0.408,0.177,0.0,3,0.514,9,240640,-5.868,0.287,1,audio_features,spotify:track:3EApebexZ7YqDIqw2EMTDh,2018,66
0.633,0.109,156.015,0.238,0.223,0.0,4,0.797,5,232413,-4.815,0.577,1,audio_features,spotify:track:1nO2NjuFkGaAWcMdJ1pNrp,2018,62
0.694,0.102,129.921,0.0706,0.0112,0.0,4,0.578,5,220850,-5.351,0.268,1,audio_features,spotify:track:1N7YeVU0ZwAFbOhwM61ef6,2018,19
0.396,0.102,111.072,0.0392,0.738,2.19e-05,4,0.599,10,246327,-10.489,0.134,0,audio_features,spotify:track:20TYNq9o5sdBAbkCWE9ih7,2018,71
0.518,0.136,95.031,0.0333,0.479,0.00435,4,0.599,8,215773,-7.902,0.455,1,audio_features,spotify:track:6q8onrzcka32nGVrnWYGBQ,2018,61
0.534,0.0645,134.055,0.0709,0.323,3.42e-06,4,0.789,8,139840,-6.347,0.631,0,audio_features,spotify:track:0g4fzRkbLeCDUCoe5iUOcf,2018,70
0.845,0.0922,158.965,0.0345,0.0014,0.359,4,0.522,0,249706,-1.828,0.728,1,audio_features,spotify:track:0BxwLWELYVGKqzUGXJNmT7,2018,49
0.709,0.115,129.961,0.0733,0.145,0.000449,4,0.643,0,227088,-4.343,0.264,1,audio_features,spotify:track:6VpQdig9pdpTSIFItgkJV5,2018,69
0.401,0.0722,120.336,0.0936,0.73,0.000932,4,0.692,7,303413,-9.382,0.33,1,audio_features,spotify:track:2WloLsoUqp1A0xxNAwoiwh,2018,62
0.782,0.113,141.869,0.15,0.21,0.0,4,0.831,0,191437,-6.274,0.199,1,audio_features,spotify:track:7yotKA30dwTKNEGomV9ZsI,2018,76
0.81,0.158,151.643,0.0632,0.00457,0.0,4,0.334,9,206605,-4.855,0.306,0,audio_features,spotify:track:7GRTrWsP3yo2Fx8umJfA1X,2018,63
0.649,0.122,153.069,0.199,0.191,0.0,4,0.674,1,153800,-8.433,0.48,0,audio_features,spotify:track:2BJSMvOGABRxokHKB0OI8i,2018,79
0.0312,0.0731,171.593,0.0746,0.922,0.0,5,0.369,11,208933,-15.628,0.166,0,audio_features,spotify:track:1J3Dx5aJoXl2o4mvZSZZA2,2018,0
0.694,0.109,122.078,0.169,0.371,0.0,4,0.855,2,324189,-4.393,0.49,1,audio_features,spotify:track:0dbTQYW3Ad1FTzIA9t90E8,2018,74
0.436,0.342,82.994,0.155,0.331,1.3e-05,4,0.782,2,268933,-7.033,0.243,1,audio_features,spotify:track:5u6vkDnOyaf8LsteDAj2ub,2018,75
0.915,0.0845,127.974,0.058,0.0656,0.805,4,0.475,5,197327,-6.55,0.465,1,audio_features,spotify:track:2G2WlObIWQarFpjFISSxMX,2018,35
0.47,0.109,119.021,0.0312,0.601,0.0809,4,0.548,7,253732,-10.025,0.159,1,audio_features,spotify:track:6DIt3ZlvMncy7oJ7Z3zrhh,2018,18
0.58,0.096,125.023,0.0457,0.696,0.278,4,0.608,2,234680,-12.897,0.0306,1,audio_features,spotify:track:2Y7pSUrb0frmy9vKVHUlOg,2018,45
0.72,0.282,155.995,0.0517,0.0212,0.000355,4,0.447,11,235200,-7.504,0.296,1,audio_features,spotify:track:2WmDlNSXpyYgMK0ws7ZWDa,2018,56
0.18,0.121,75.265,0.0413,0.993,0.832,4,0.297,7,211547,-16.522,0.177,0,audio_features,spotify:track:3ZuXIVoa0q3D21CJY4ZLjd,2018,51
0.816,0.159,181.982,0.269,0.00263,0.0,4,0.817,2,190288,-5.402,0.508,1,audio_features,spotify:track:2UVbBKQOdFAekPTRsnkzcf,2018,76
0.913,0.114,93.35,0.0736,0.0934,0.000124,4,0.567,8,210926,-6.471,0.792,1,audio_features,spotify:track:1cTZMwcBJT0Ka3UJPXOeeN,2018,20
0.681,0.18,113.989,0.111,0.249,0.0,4,0.835,8,202087,-4.357,0.687,1,audio_features,spotify:track:1m4C9zlV89rXTfXStluvec,2018,65
0.383,0.092,67.669,0.0844,0.667,1.44e-06,4,0.451,11,218293,-9.369,0.111,0,audio_features,spotify:track:4I1o10KjPFASPtaFZbwFJ9,2018,38
0.756,0.106,117.016,0.047,0.00632,0.00577,4,0.736,11,231847,-7.099,0.712,1,audio_features,spotify:track:1NbGcdgwRHZ5rbPIT9hdR3,2018,14
0.559,0.379,78.534,0.0416,0.0372,0.0,4,0.706,4,217405,-5.216,0.252,0,audio_features,spotify:track:3DoBTwfr8yi2LN08SBpFkN,2018,70
0.812,0.357,187.077,0.0573,0.0103,0.575,4,0.488,1,199379,-6.704,0.495,0,audio_features,spotify:track:73kPwa4mflDC7ZvrEPV9E7,2018,37
0.68,0.116,89.391,0.321,0.555,0.0,4,0.56,6,173800,-7.648,0.319,0,audio_features,spotify:track:0d2iYfpKoM0QCKvcLCkBao,2018,86
0.588,0.0498,120.042,0.11,0.00319,0.000162,4,0.892,1,172630,-4.287,0.753,0,audio_features,spotify:track:0j77ikAaghcss4idQVcAXT,2018,5
0.139,0.13,80.877,0.0305,0.91,0.0223,4,0.272,6,193019,-17.403,0.174,1,audio_features,spotify:track:3RjDNn71OdwCdoZLNbwMNA,2018,38
0.346,0.0871,75.016,0.351,0.0151,7.04e-06,4,0.884,8,220307,-8.228,0.376,0,audio_features,spotify:track:2fQrGHiQOvpL9UgPvtYy6G,2018,81
0.204,0.69,129.504,0.0408,0.966,4.12e-05,4,0.472,9,253907,-13.419,0.296,1,audio_features,spotify:track:7htt7UuxHL5wneOcMWJP5E,2018,65
0.532,0.0925,136.571,0.0286,0.432,6.25e-06,4,0.601,10,281613,-9.119,0.341,1,audio_features,spotify:track:3gdewACMIVMEWVbyb8O9sY,2018,83
0.814,0.115,147.065,0.195,0.118,5.3e-06,4,0.422,9,354320,-7.365,0.411,1,audio_features,spotify:track:272Z4tzaSMMcgrZ0R494S2,2018,54
0.725,0.112,90.012,0.0426,0.000365,0.553,4,0.559,10,373307,-8.631,0.501,0,audio_features,spotify:track:39tLc4Xp58Lu4KcWHggeE2,2018,13
0.187,0.0897,87.782,0.0338,0.89,0.0,4,0.51,1,211316,-12.12,0.369,1,audio_features,spotify:track:3YToI74MpP1RN2b2VYlhMQ,2018,54
0.568,0.512,86.986,0.0703,0.218,0.0021,4,0.571,1,547733,-3.827,0.109,0,audio_features,spotify:track:3DK6m7It6Pw857FcQftMds,2018,75
0.671,0.167,81.994,0.0599,0.68,0.0,4,0.749,6,268864,-5.151,0.756,1,audio_features,spotify:track:6GNifiuBPrKFpwNBYnooFm,2018,63
0.705,0.128,137.133,0.299,0.000813,0.0,4,0.645,1,229670,-5.008,0.376,1,audio_features,spotify:track:51rXHuKN8Loc4sUlKPODgH,2018,75
0.353,0.0512,67.924,0.356,0.817,0.0,3,0.499,1,200667,-12.452,0.352,1,audio_features,spotify:track:3dnaUhyD5xmG9znnFwhDzd,2018,1
0.39,0.241,138.111,0.0282,0.89,0.116,3,0.382,4,169922,-7.916,0.256,1,audio_features,spotify:track:391M9YmMYZVdUPEriMhcp5,2018,0
0.666,0.068,96.992,0.0275,0.00343,0.000104,4,0.664,0,261986,-5.116,0.364,1,audio_features,spotify:track:3rFeq7vjP5iyhEDssZV49n,2018,61
0.831,0.118,173.948,0.15,0.0168,0.0,4,0.713,1,332301,-4.75,0.584,0,audio_features,spotify:track:1BuZAIO8WZpavWVbbq3Lci,2018,76
0.78,0.13,125.999,0.122,0.224,0.0,4,0.469,10,233061,-6.49,0.444,0,audio_features,spotify:track:1YmF9PvLhIISIANoMLIYGq,2018,70
0.727,0.0759,98.97,0.0777,0.09,5.83e-06,4,0.874,8,214160,-7.689,0.427,1,audio_features,spotify:track:17jeLyQcEUmKv3MXeEo79k,2018,61
0.605,0.0925,127.0,0.0449,0.569,0.0,4,0.739,10,199800,-3.632,0.623,1,audio_features,spotify:track:5OQByVDbs9788HBRIBqgNW,2018,52
0.832,0.661,125.894,0.0758,0.0384,0.00241,4,0.757,4,217933,-3.318,0.386,0,audio_features,spotify:track:5vsRm2aCBl5T2qdpvwtrf6,2018,60
0.13,0.0941,109.852,0.0369,0.898,0.0223,4,0.493,4,187899,-18.725,0.119,1,audio_features,spotify:track:1Av69kr9JitqPWo7WJLS5q,2019,83
0.726,0.103,105.543,0.0399,0.108,0.904,4,0.555,8,296016,-6.264,0.417,1,audio_features,spotify:track:2IkK0qCVW7Z3Fa8pW0vXM0,2019,60
0.498,0.0947,80.022,0.0827,0.162,0.0,4,0.59,9,194337,-6.845,0.504,1,audio_features,spotify:track:6gSw5vz7dcafda23VqMrnl,2019,70
0.32,0.0822,91.019,0.0546,0.837,0.0,4,0.764,11,189486,-7.209,0.575,1,audio_features,spotify:track:2b8fOow8UzyDFAE27YhOZM,2019,100
0.535,0.212,88.033,0.055,0.226,0.0,4,0.444,9,224148,-7.051,0.158,1,audio_features,spotify:track:6S4vdF9ENvX8WN8PvJ6soA,2019,64
0.348,0.134,114.763,0.0301,0.769,2.44e-06,4,0.388,3,136853,-8.985,0.132,1,audio_features,spotify:track:7jlqjY6QBfzu5akxt1b9JC,2019,44
0.512,0.13,142.939,0.0864,0.0926,9.95e-06,4,0.781,0,184615,-7.316,0.149,1,audio_features,spotify:track:5TQUXqzqfLsNAeC1eS5LEH,2019,55
0.441,0.0645,112.457,0.0449,0.00178,0.541,4,0.934,10,274924,-7.774,0.765,0,audio_features,spotify:track:17wlfpe00lYXyroKSOKzVg,2019,43
0.897,0.03,143.174,0.0397,0.000178,0.72,4,0.567,7,288693,-4.106,0.689,1,audio_features,spotify:track:2fRU6kBD4ghcB2o77zwzKG,2019,32
0.183,0.108,109.011,0.043,0.887,0.0,4,0.518,0,207573,-10.246,0.106,1,audio_features,spotify:track:3pU68iUbatcIjQD7PlIzFX,2019,59
0.65,0.372,167.788,0.128,0.422,0.000275,4,0.552,1,180019,-7.199,0.316,1,audio_features,spotify:track:3xaugmCyXrVkrDTXbFkMW3,2019,83
0.709,0.107,182.007,0.0447,0.447,0.227,4,0.636,1,213159,-5.168,0.242,0,audio_features,spotify:track:2c72Qa7HHbMN4gaaUY3JKd,2019,45
0.568,0.512,86.986,0.0703,0.218,0.0021,4,0.571,1,547733,-3.827,0.109,0,audio_features,spotify:track:3DK6m7It6Pw857FcQftMds,2019,75
0.486,0.144,109.015,0.0374,0.44,4.28e-05,4,0.743,3,192067,-7.347,0.346,1,audio_features,spotify:track:3DiRnA7UDlUPrGDOF9Zb4u,2019,58
0.593,0.163,136.543,0.0282,0.0117,0.0195,4,0.489,2,217000,-7.747,0.308,1,audio_features,spotify:track:1tAH1FV5PeQgw41L9UkpJ5,2019,8
0.522,0.0685,89.96,0.0575,0.533,0.0,4,0.755,2,157560,-4.368,0.925,1,audio_features,spotify:track:0RiRZpuVRbi7oqRdSMwhQY,2019,88
0.638,0.0609,60.03,0.0459,0.226,0.0,4,0.511,0,208347,-7.202,0.205,1,audio_features,spotify:track:1IcEofBOoS01ouUsqdn8ke,2019,51
0.374,0.131,120.013,0.112,0.429,0.0013,4,0.838,0,225229,-11.991,0.28,0,audio_features,spotify:track:1zpLBaEx3KX98Cknyi9Ai1,2019,48
0.593,0.0947,129.964,0.0325,0.314,0.0,4,0.612,4,291187,-8.26,0.303,1,audio_features,spotify:track:4bI9GiEtd2RcJ1MaFMDrkg,2019,42
0.353,0.102,88.031,0.31,0.588,0.0,4,0.81,6,208293,-9.931,0.0727,0,audio_features,spotify:track:0AluA5RNsa4Cx6XRhf2hWZ,2019,79
0.361,0.112,110.024,0.0403,0.0398,1.46e-05,4,0.838,9,209455,-7.607,0.0397,1,audio_features,spotify:track:4xusvftpAHJk39HFAz0aj3,2019,47
0.742,0.119,119.977,0.0266,0.661,0.00383,4,0.641,9,184813,-6.408,0.562,0,audio_features,spotify:track:6KZtcFiIassYrco3cdNMbX,2019,36
0.173,0.138,79.998,0.039,0.906,0.877,4,0.534,1,168392,-15.786,0.154,0,audio_features,spotify:track:4NBYp73qsxFh9yUUnMy6jz,2019,52
0.679,0.224,149.972,0.0517,0.195,0.00111,4,0.689,7,209773,-5.893,0.475,1,audio_features,spotify:track:2YyvWje3cEYyqgYhNUIaBJ,2019,78
0.618,0.0567,131.929,0.0593,0.0772,0.751,4,0.57,11,246587,-13.221,0.0661,1,audio_features,spotify:track:3iSYUXuWmUL2XY3VA2kTQo,2019,16
0.44,0.234,76.883,0.033,0.0515,0.868,3,0.431,7,296080,-10.288,0.0384,1,audio_features,spotify:track:2Xs7CP4Gw8wJ8qX8fkrCAB,2019,56
0.539,0.101,99.947,0.178,0.163,2.1e-06,4,0.833,11,149520,-7.399,0.385,0,audio_features,spotify:track:6MWtB6iiXyIwun0YzU6DFP,2019,57
0.543,0.107,126.001,0.0398,0.623,0.0706,4,0.752,1,233280,-9.483,0.282,1,audio_features,spotify:track:044qU7kwVZaDwzWnRsmVVL,2019,65
0.714,0.122,89.996,0.044,0.000242,0.636,4,0.547,10,373000,-8.628,0.541,0,audio_features,spotify:track:2oDqmfa2g8W893LlwJG1qu,2019,65
0.704,0.166,133.002,0.0476,0.0691,0.0,4,0.719,1,187436,-4.724,0.628,1,audio_features,spotify:track:25sgk305KZfyuqVBQIahim,2019,89
0.493,0.13,89.959,0.0316,0.268,0.0343,4,0.526,4,282317,-8.636,0.0838,0,audio_features,spotify:track:4dDoIid58lgImNuYAxTRyM,2019,54
0.209,0.173,92.07,0.0325,0.763,0.0,4,0.584,0,204130,-9.968,0.239,1,audio_features,spotify:track:67sfxK4pD41HJ4FQRkDYo1,2019,44
0.48,0.0696,104.148,0.0344,0.402,9.6e-06,4,0.599,1,239961,-8.101,0.248,0,audio_features,spotify:track:5F7Q8pluSbCWA64Gcg5fOv,2019,49
0.413,0.104,139.979,0.0351,0.715,6.64e-05,4,0.675,5,218947,-8.051,0.206,1,audio_features,spotify:track:7oHijHxh7cI40fNC4S619V,2019,61
0.825,0.651,125.896,0.076,0.0387,0.0025,4,0.757,4,217933,-3.297,0.413,0,audio_features,spotify:track:58FDNEheGy0rsZskL7dyMm,2019,58
0.787,0.0833,169.921,0.0448,0.436,0.0,4,0.704,4,306907,-4.155,0.922,0,audio_features,spotify:track:6SCAi4qFxvPEaFHnQAgKkw,2019,41
0.61,0.426,99.991,0.217,0.322,0.000203,4,0.667,1,241160,-7.054,0.465,1,audio_features,spotify:track:7FOJvA3PxiIU0DN3JjQ7jT,2019,74
0.647,0.102,106.96,0.0658,0.28,0.0,4,0.724,1,207333,-5.642,0.435,1,audio_features,spotify:track:2rPE9A1vEgShuZxxzR2tZH,2019,29
0.464,0.238,109.004,0.0645,0.368,1.71e-05,4,0.901,5,203267,-9.789,0.638,0,audio_features,spotify:track:1fewSx2d5KIZ04wsooEBOz,2019,81
0.467,0.0941,82.081,0.0715,0.248,0.0,4,0.697,9,229413,-7.536,0.572,1,audio_features,spotify:track:3goSVuTt3fDYDP6kRnFwuL,2019,79
0.438,0.123,126.028,0.0356,0.867,0.0723,4,0.523,0,245240,-11.49,0.106,0,audio_features,spotify:track:7rbCL7W893Zonbfnevku5s,2019,69
0.449,0.122,115.959,0.0921,0.353,4.31e-06,4,0.897,7,178298,-9.353,0.631,1,audio_features,spotify:track:0tCD4um9Mbqli92icIS3Jo,2019,56
0.485,0.112,150.017,0.391,0.0287,0.0,4,0.856,10,140800,-6.898,0.45,0,audio_features,spotify:track:254AvH1hKRP6GIO4zRAmDx,2019,10
0.706,0.39,99.856,0.0308,0.00999,0.00298,4,0.496,8,238413,-6.653,0.311,1,audio_features,spotify:track:6GtqpDmTZst7GmEmJ8K9yi,2019,25
0.378,0.242,73.262,0.0436,0.807,0.0,4,0.402,1,199052,-8.682,0.317,0,audio_features,spotify:track:79yScU3wNnv2yPF3awYqnU,2019,70
0.626,0.313,101.971,0.208,0.00572,0.0,4,0.547,2,199867,-6.244,0.346,1,audio_features,spotify:track:4qYLPta5HZ36idWiXtqh7B,2019,63
0.481,0.216,149.025,0.313,0.282,0.0,4,0.556,11,120137,-7.663,0.581,1,audio_features,spotify:track:05t7JMip6JrLuSrMV5yYjX,2019,78
0.557,0.124,150.073,0.0318,0.74,0.0,4,0.652,1,169354,-5.714,0.483,0,audio_features,spotify:track:2qxmye6gAegTMjLKEBoR3d,2019,88
0.563,0.0895,124.02,0.0364,0.0952,7.02e-05,4,0.519,11,280743,-5.04,0.345,1,audio_features,spotify:track:70Ukvwcp6LkgfRiuUhGV7l,2019,58
0.891,0.406,119.91,0.0901,0.00615,0.0,4,0.767,0,195334,-3.01,0.824,1,audio_features,spotify:track:0onslUNmSLDkuYaideYWir,2019,21
0.354,0.102,123.636,0.0387,0.829,0.0112,3,0.686,10,169107,-9.284,0.283,1,audio_features,spotify:track:5H3ChVfItCaDpj1vPbigyX,2019,50
0.52,0.222,102.998,0.0656,0.45,1.97e-06,4,0.741,8,171030,-7.513,0.347,1,audio_features,spotify:track:6Qs4SXO9dwPj5GKvVOv8Ki,2019,89
0.885,0.0997,118.506,0.052,0.0804,0.746,4,0.613,10,263213,-7.463,0.919,1,audio_features,spotify:track:6wVViUl2xSRoDK2T7dMZbR,2019,68
0.752,0.138,132.033,0.0362,0.723,0.136,4,0.545,2,224720,-6.745,0.232,1,audio_features,spotify:track:0G2tHYsAHueVaPhTTBbVna,2019,54
0.23,0.107,113.014,0.0361,0.795,0.00856,4,0.754,3,299515,-14.271,0.194,1,audio_features,spotify:track:1KaqSfCImt1391GQFOW8Nk,2019,29
0.158,0.121,79.833,0.04,0.773,0.0227,4,0.49,9,375933,-18.148,0.0826,1,audio_features,spotify:track:1lo9k4PrxFd5Np4cAxXoKo,2019,60
0.597,0.195,100.051,0.037,0.339,0.0404,4,0.585,0,324674,-7.499,0.227,1,audio_features,spotify:track:4RVbK6cV0VqWdpCDcx3hiT,2019,76
0.772,0.0772,135.011,0.0324,0.469,4.68e-05,4,0.743,6,203035,-6.21,0.664,1,audio_features,spotify:track:50XReYqCmJKXb1hxbkOVeU,2019,26
0.29,0.118,166.467,0.051,0.952,0.00106,4,0.379,4,201080,-8.485,0.169,1,audio_features,spotify:track:4RL77hMWUq35NYnPLXBpih,2019,76
0.66,0.11,93.004,0.0229,0.2,0.0279,4,0.611,8,259787,-7.374,0.136,1,audio_features,spotify:track:79HLU1I0pHyHjwxEfCKA7K,2019,34
0.585,0.153,126.058,0.0924,0.264,0.0,4,0.8,10,213400,-7.343,0.779,1,audio_features,spotify:track:6PGoSes0D9eUDeeAafB2As,2019,82
0.392,0.0948,90.379,0.0267,0.649,0.000227,4,0.534,9,216533,-7.636,0.163,0,audio_features,spotify:track:28cnXtME493VX9NOw9cIUh,2019,77
0.573,0.538,113.088,0.0549,0.118,0.0,4,0.724,7,135920,-4.113,0.438,1,audio_features,spotify:track:4KW1lqgSr8TKrvBII0Brf8,2019,76
0.506,0.0866,145.965,0.0434,0.173,0.0,4,0.674,6,259333,-10.532,0.183,1,audio_features,spotify:track:5WoaF1B5XIEnWfmb5NZikf,2019,79
0.744,0.102,199.837,0.0563,0.677,0.0331,4,0.592,6,226998,-9.197,0.49,1,audio_features,spotify:track:0pF0Ci9E9Xke2clf0l1C61,2019,28
0.518,0.291,101.992,0.0306,0.337,6.14e-05,4,0.696,9,206093,-6.857,0.288,1,audio_features,spotify:track:5FjfsP5wXlOYO4QV4Cmeg7,2019,43
0.204,0.106,79.826,0.0331,0.919,0.0,4,0.616,6,191000,-11.421,0.419,0,audio_features,spotify:track:5dXI2NV7X2c4anyLFbQdEX,2019,19
0.723,0.0212,130.519,0.0507,0.025,0.00354,4,0.752,7,228840,-12.126,0.94,1,audio_features,spotify:track:4uvjOKsp7mSjrDhWdkLPBY,2019,69
0.937,0.168,143.037,0.0568,5.5e-05,0.246,4,0.448,2,296733,-3.833,0.314,1,audio_features,spotify:track:7f6294j6awMKzkePCiRbjj,2019,38
0.566,0.081,96.412,0.03,0.771,0.553,4,0.281,2,236278,-7.618,0.163,1,audio_features,spotify:track:1kzRusZT8rL5sG5hYeYp0c,2019,29
0.27,0.0989,77.673,0.0332,0.92,4.25e-06,3,0.196,0,253947,-9.341,0.143,1,audio_features,spotify:track:6AM2EPDzlozGJYgmPVbAFT,2019,29
0.262,0.456,108.381,0.0276,0.313,5.51e-06,4,0.512,0,243000,-16.875,0.357,1,audio_features,spotify:track:7dQC53NiYOY9gKg3Qsu2Bs,2019,69
0.937,0.168,143.037,0.0568,5.5e-05,0.246,4,0.448,2,296733,-3.833,0.314,1,audio_features,spotify:track:02PFVggEm3rYKrkWpkhxXH,2019,29
0.224,0.109,206.727,0.0406,0.863,0.000377,4,0.315,0,252067,-11.94,0.0727,1,audio_features,spotify:track:5jQ5iwHkqyk6HgxLOFdJo1,2019,55
0.688,0.355,122.48,0.032,0.0199,0.000106,4,0.372,0,297187,-6.759,0.151,1,audio_features,spotify:track:6YO4a8hliYuF9FefolWOLX,2019,41
0.366,0.641,86.997,0.0378,0.969,0.267,3,0.545,2,208212,-9.51,0.1,1,audio_features,spotify:track:0QZ5yyl6B6utIWkxeBDxQN,2019,76
0.745,0.096,80.002,0.223,0.158,1.65e-05,4,0.631,11,186000,-6.469,0.482,1,audio_features,spotify:track:4mTl6m1Ef4nvAD1tTOwlqy,2019,41
0.15,0.109,109.699,0.0354,0.94,0.00593,4,0.392,0,248918,-11.099,0.126,1,audio_features,spotify:track:3Tmhp8apMrYhRRDz3BZ0eT,2019,25
0.848,0.18,171.898,0.0339,9.67e-05,0.0242,4,0.558,8,182600,-7.566,0.534,1,audio_features,spotify:track:1V8nTYCrFNqjXhpctr5tcq,2019,12
0.713,0.0927,121.989,0.0327,0.102,1.15e-05,4,0.854,2,273787,-7.11,0.471,0,audio_features,spotify:track:2kWFC9t5BROuviHaRxX6q8,2019,37
0.435,0.0913,90.033,0.0647,0.464,5.27e-06,4,0.784,8,195356,-9.197,0.865,1,audio_features,spotify:track:0VaIsQoIQY10uxBrOyZ5cQ,2019,63
0.624,0.123,158.087,0.114,0.11,0.0,4,0.715,4,173325,-3.046,0.412,0,audio_features,spotify:track:5qmq61DAAOUaW8AUo8xKhh,2019,91
0.599,0.366,91.995,0.0282,0.0198,0.00142,4,0.426,11,275547,-7.737,0.102,1,audio_features,spotify:track:0GDz2tPdh6FbxJxM75SQB4,2019,51
0.537,0.229,113.988,0.0795,0.278,0.0,4,0.783,9,222866,-2.921,0.393,1,audio_features,spotify:track:7n1940b6kHcaEewFSZXnXa,2019,75
0.474,0.195,98.854,0.0518,0.826,0.58,4,0.134,9,203227,-13.864,0.133,0,audio_features,spotify:track:6PrKZUXJPmBiobMN44yR8Y,2019,61
0.598,0.253,129.988,0.0535,0.00175,4.44e-06,4,0.775,2,232560,-7.274,0.356,1,audio_features,spotify:track:0lnIJmgcUpEpe4AZACjayW,2019,74
0.69,0.0862,146.122,0.0346,0.318,1.65e-06,4,0.445,2,225147,-2.906,0.227,1,audio_features,spotify:track:6PAZ0CFnPHWumSQxOvbYOw,2019,28
0.711,0.104,113.809,0.0478,0.422,0.0,4,0.671,2,248440,-7.813,0.466,1,audio_features,spotify:track:11IzgLRXV7Cgek3tEgGgjw,2019,73
0.197,0.107,130.367,0.0329,0.88,0.0,4,0.581,3,214293,-7.697,0.349,1,audio_features,spotify:track:79qxwHypONUt3AFq0WPpT9,2019,75
0.579,0.129,121.075,0.0801,0.00881,0.0,4,0.826,8,212013,-8.241,0.431,0,audio_features,spotify:track:4f8Mh5wuWHOsfXtzjrJB3t,2019,77
0.836,0.184,120.023,0.0584,0.167,0.00157,4,0.695,11,254133,-7.231,0.412,0,audio_features,spotify:track:2pxpJ9lmbqPEIk3M7ezLR0,2019,55
0.197,0.085,74.982,0.0294,0.419,0.0518,4,0.411,9,230493,-9.671,0.0934,1,audio_features,spotify:track:0gzX0yIvW3dDlL5r77tNof,2019,22
0.425,0.1,135.128,0.375,0.328,0.13,4,0.701,7,194088,-10.965,0.562,1,audio_features,spotify:track:2Fxmhks0bxGSBdJ92vM42m,2019,96
0.235,0.351,127.147,0.0418,0.349,0.0397,4,0.579,8,231582,-18.145,0.216,1,audio_features,spotify:track:7iexUAkRmN2cSKZEsGK8hN,2019,25
0.533,0.134,131.155,0.0426,0.782,0.0142,4,0.437,1,230200,-9.552,0.638,1,audio_features,spotify:track:4JvclO8lNugobD1afavcYS,2019,63
0.433,0.0765,146.097,0.0295,0.0901,0.00394,4,0.653,11,274600,-10.487,0.582,1,audio_features,spotify:track:6aXGgKVRGXlMqQYCIQqo4s,2019,67
0.761,0.0757,140.084,0.0334,0.000105,0.0456,4,0.399,9,304907,-6.318,0.243,1,audio_features,spotify:track:44jJCNW8frQLEWpYuAQz47,2019,52
0.555,0.11,102.971,0.0459,0.656,0.000289,4,0.714,6,205130,-7.55,0.329,0,audio_features,spotify:track:2U6hcDLZHYRSd9Up0mMe9W,2019,53
0.647,0.122,99.994,0.0314,0.0533,0.0932,4,0.672,1,241041,-6.264,0.237,1,audio_features,spotify:track:50pEs4BEQlgoZo6rKHNtEA,2019,59
0.234,0.187,93.992,0.0277,0.793,0.00375,3,0.332,10,178640,-11.823,0.256,1,audio_features,spotify:track:0Sg9bWEaPtDO2JE7qwcMvy,2019,60
